{
  "generated_at": "2026-05-18T11:55:29.128671",
  "trades": {
    "trade_summary": {
      "monthly_buy": 2
    },
    "monthly_buy": {
      "count": 2,
      "total_invested": 1000.0,
      "total_btc": 0.012826606336412066,
      "avg_price": 77885.585
    }
  },
  "performance": {
    "current": {
      "days_running": 20,
      "btc_holdings": 0.012826606336412,
      "cash_balance": 9000.0,
      "total_value": 9988.043490846763,
      "total_invested": 1000.0,
      "total_pnl": -11.956509153236766,
      "roi_percent": -1.1956509153236765,
      "btc_price": 77030.78,
      "avg_cost": 77962.94466145796,
      "price_diff_percent": -1.1956509153236206
    },
    "risk": {
      "max_value": 10056.10390112297,
      "min_value": 9987.199135251443,
      "max_drawdown_percent": -0.6768069517321313
    },
    "comparison": {
      "strategy_roi": -1.1956509153236765,
      "buy_hold_roi": -0.8214879535958008,
      "alpha": -0.37416296172787566
    },
    "weekly": {
      "value_start": 10046.95737641054,
      "value_end": 9988.043490846763,
      "change": -58.91388556377751,
      "change_percent": -0.5863853439062372,
      "btc_price_start": 81623.88,
      "btc_price_end": 77030.78,
      "btc_change_percent": -5.627152250052325
    }
  },
  "evaluation": {
    "comments": [
      "🟡 Buy&Holdとほぼ同等 (-0.4%)",
      "✅ 最大DD -0.7% は健全"
    ],
    "warnings": [],
    "recommendations": [
      "💡 運用30日未満。継続して様子見を推奨"
    ]
  }
}