{
  "generated_at": "2026-06-01T19:13:22.505322",
  "trades": {
    "trade_summary": {
      "monthly_buy": 2
    },
    "monthly_buy": {
      "count": 2,
      "total_invested": 1000.0,
      "total_btc": 0.012826606336412066,
      "avg_price": 77885.585
    }
  },
  "performance": {
    "current": {
      "days_running": 33,
      "btc_holdings": 0.012826606336412,
      "cash_balance": 9000.0,
      "total_value": 9946.184374132135,
      "total_invested": 1000.0,
      "total_pnl": -53.81562586786277,
      "roi_percent": -5.381562586786277,
      "btc_price": 73767.32,
      "avg_cost": 77962.94466145796,
      "price_diff_percent": -5.3815625867863375
    },
    "risk": {
      "max_value": 10056.10390112297,
      "min_value": 9940.109821637276,
      "max_drawdown_percent": -1.1534693816433297
    },
    "comparison": {
      "strategy_roi": -5.381562586786277,
      "buy_hold_roi": -5.023251286681063,
      "alpha": -0.35831130010521406
    },
    "weekly": {
      "value_start": 9993.146556177706,
      "value_end": 9946.184374132135,
      "change": -46.962182045570444,
      "change_percent": -0.4699438938633227,
      "btc_price_start": 77428.63,
      "btc_price_end": 73767.32,
      "btc_change_percent": -4.7286255742869265
    }
  },
  "evaluation": {
    "comments": [
      "🟡 Buy&Holdとほぼ同等 (-0.4%)",
      "✅ 最大DD -1.2% は健全",
      "🟡 運用33日でROI -5.38% (まだ短期)"
    ],
    "warnings": [],
    "recommendations": [
      "💡 運用90日未満。実取引判断にはまだ早い"
    ]
  }
}