{
  "generated_at": "2026-06-07T22:51:45.433170",
  "trades": {
    "trade_summary": {
      "monthly_buy": 3
    },
    "monthly_buy": {
      "count": 3,
      "total_invested": 1500.0,
      "total_btc": 0.01983403364820723,
      "avg_price": 75684.22666666667
    }
  },
  "performance": {
    "current": {
      "days_running": 41,
      "btc_holdings": 0.0198340336482072,
      "cash_balance": 8500.0,
      "total_value": 9725.531451979845,
      "total_invested": 1500.0,
      "total_pnl": -274.46854802015514,
      "roi_percent": -18.29790320134368,
      "btc_price": 61789.32,
      "avg_cost": 75627.58169141167,
      "price_diff_percent": -18.297903201343747
    },
    "risk": {
      "max_value": 10056.10390112297,
      "min_value": 9705.2834820494,
      "max_drawdown_percent": -3.4886316064653276
    },
    "comparison": {
      "strategy_roi": -18.29790320134368,
      "buy_hold_roi": -20.445141306382673,
      "alpha": 2.147238105038994
    },
    "weekly": {
      "value_start": 9913.79986783502,
      "value_end": 9725.531451979845,
      "change": -188.26841585517468,
      "change_percent": -1.8990540293838842,
      "btc_price_start": 71281.51,
      "btc_price_end": 61789.32,
      "btc_change_percent": -13.316482773723504
    }
  },
  "evaluation": {
    "comments": [
      "🟢 Buy&Holdを2.1%上回り戦略が有効",
      "✅ 最大DD -3.5% は健全",
      "🟡 運用41日でROI -18.30% (まだ短期)"
    ],
    "warnings": [],
    "recommendations": [
      "💡 運用90日未満。実取引判断にはまだ早い"
    ]
  }
}