{
  "generated_at": "2026-05-25T12:01:34.742952",
  "trades": {
    "trade_summary": {
      "monthly_buy": 2
    },
    "monthly_buy": {
      "count": 2,
      "total_invested": 1000.0,
      "total_btc": 0.012826606336412066,
      "avg_price": 77885.585
    }
  },
  "performance": {
    "current": {
      "days_running": 27,
      "btc_holdings": 0.012826606336412,
      "cash_balance": 9000.0,
      "total_value": 9993.146556177706,
      "total_invested": 1000.0,
      "total_pnl": -6.853443822294139,
      "roi_percent": -0.6853443822294139,
      "btc_price": 77428.63,
      "avg_cost": 77962.94466145796,
      "price_diff_percent": -0.685344382229458
    },
    "risk": {
      "max_value": 10056.10390112297,
      "min_value": 9966.300469115597,
      "max_drawdown_percent": -0.8930241064568215
    },
    "comparison": {
      "strategy_roi": -0.6853443822294139,
      "buy_hold_roi": -0.3092489367032991,
      "alpha": -0.37609544552611474
    },
    "weekly": {
      "value_start": 9989.468398544675,
      "value_end": 9993.146556177706,
      "change": 3.6781576330304233,
      "change_percent": 0.036820354059741156,
      "btc_price_start": 77141.87,
      "btc_price_end": 77428.63,
      "btc_change_percent": 0.37173068270188736
    }
  },
  "evaluation": {
    "comments": [
      "🟡 Buy&Holdとほぼ同等 (-0.4%)",
      "✅ 最大DD -0.9% は健全"
    ],
    "warnings": [],
    "recommendations": [
      "💡 運用30日未満。継続して様子見を推奨"
    ]
  }
}