{
  "generated_at": "2026-07-19T22:37:12.476076",
  "trades": {
    "trade_summary": {
      "monthly_buy": 4
    },
    "monthly_buy": {
      "count": 4,
      "total_invested": 2000.0,
      "total_btc": 0.02805579572242859,
      "avg_price": 71951.52
    }
  },
  "performance": {
    "current": {
      "days_running": 82,
      "btc_holdings": 0.0280557957224285,
      "cash_balance": 8000.0,
      "total_value": 9805.389332506453,
      "total_invested": 2000.0,
      "total_pnl": -194.61066749354904,
      "roi_percent": -9.730533374677451,
      "btc_price": 64349.96,
      "avg_cost": 71286.51847151652,
      "price_diff_percent": -9.730533374677453
    },
    "risk": {
      "max_value": 10056.10390112297,
      "min_value": 9663.131202038549,
      "max_drawdown_percent": -3.9078026932531755
    },
    "comparison": {
      "strategy_roi": -9.730533374677451,
      "buy_hold_roi": -17.148271339773157,
      "alpha": 7.417737965095705
    },
    "weekly": {
      "value_start": 9739.536207670852,
      "value_end": 9805.389332506453,
      "change": 65.8531248356012,
      "change_percent": 0.6761423073075701,
      "btc_price_start": 62002.74,
      "btc_price_end": 64349.96,
      "btc_change_percent": 3.7856714074248954
    }
  },
  "evaluation": {
    "comments": [
      "✅ Buy&Holdを7.4%上回る優秀な結果",
      "✅ 最大DD -3.9% は健全",
      "🟡 運用82日でROI -9.73% (まだ短期)"
    ],
    "warnings": [],
    "recommendations": [
      "💡 運用90日未満。実取引判断にはまだ早い"
    ]
  }
}