{
  "generated_at": "2026-06-14T22:56:39.082744",
  "trades": {
    "trade_summary": {
      "monthly_buy": 3
    },
    "monthly_buy": {
      "count": 3,
      "total_invested": 1500.0,
      "total_btc": 0.01983403364820723,
      "avg_price": 75684.22666666667
    }
  },
  "performance": {
    "current": {
      "days_running": 48,
      "btc_holdings": 0.0198340336482072,
      "cash_balance": 8500.0,
      "total_value": 9789.16656885608,
      "total_invested": 1500.0,
      "total_pnl": -210.8334311439212,
      "roi_percent": -14.055562076261412,
      "btc_price": 64997.7,
      "avg_cost": 75627.58169141167,
      "price_diff_percent": -14.055562076261408
    },
    "risk": {
      "max_value": 10056.10390112297,
      "min_value": 9705.2834820494,
      "max_drawdown_percent": -3.4886316064653276
    },
    "comparison": {
      "strategy_roi": -14.055562076261412,
      "buy_hold_roi": -16.314294462050547,
      "alpha": 2.258732385789136
    },
    "weekly": {
      "value_start": 9755.664307599884,
      "value_end": 9789.16656885608,
      "change": 33.502261256197016,
      "change_percent": 0.3434134283412993,
      "btc_price_start": 63308.57,
      "btc_price_end": 64997.7,
      "btc_change_percent": 2.6680905918424536
    }
  },
  "evaluation": {
    "comments": [
      "🟢 Buy&Holdを2.3%上回り戦略が有効",
      "✅ 最大DD -3.5% は健全",
      "🟡 運用48日でROI -14.06% (まだ短期)"
    ],
    "warnings": [],
    "recommendations": [
      "💡 運用90日未満。実取引判断にはまだ早い"
    ]
  }
}