{
  "generated_at": "2026-05-11T10:46:01.964224",
  "trades": {
    "trade_summary": {
      "monthly_buy": 2
    },
    "monthly_buy": {
      "count": 2,
      "total_invested": 1000.0,
      "total_btc": 0.012826606336412066,
      "avg_price": 77885.585
    }
  },
  "performance": {
    "current": {
      "days_running": 13,
      "btc_holdings": 0.012826606336412,
      "cash_balance": 9000.0,
      "total_value": 10056.10390112297,
      "total_invested": 1000.0,
      "total_pnl": 56.103901122969546,
      "roi_percent": 5.610390112296955,
      "btc_price": 82336.97,
      "avg_cost": 77962.94466145796,
      "price_diff_percent": 5.610390112297026
    },
    "risk": {
      "max_value": 10056.10390112297,
      "min_value": 9987.199135251443,
      "max_drawdown_percent": -0.16680151049849404
    },
    "comparison": {
      "strategy_roi": 5.610390112296955,
      "buy_hold_roi": 6.010326923983134,
      "alpha": -0.399936811686179
    },
    "weekly": {
      "value_start": 10025.38482027758,
      "value_end": 10056.10390112297,
      "change": 30.719080845388817,
      "change_percent": 0.30641298459941346,
      "btc_price_start": 79942.02,
      "btc_price_end": 82336.97,
      "btc_change_percent": 2.9958587486280663
    }
  },
  "evaluation": {
    "comments": [
      "🟡 Buy&Holdとほぼ同等 (-0.4%)",
      "✅ 最大DD -0.2% は健全"
    ],
    "warnings": [],
    "recommendations": [
      "💡 運用30日未満。継続して様子見を推奨"
    ]
  }
}