{
  "generated_at": "2026-06-21T22:55:53.286102",
  "trades": {
    "trade_summary": {
      "monthly_buy": 3
    },
    "monthly_buy": {
      "count": 3,
      "total_invested": 1500.0,
      "total_btc": 0.01983403364820723,
      "avg_price": 75684.22666666667
    }
  },
  "performance": {
    "current": {
      "days_running": 55,
      "btc_holdings": 0.0198340336482072,
      "cash_balance": 8500.0,
      "total_value": 9760.49726657894,
      "total_invested": 1500.0,
      "total_pnl": -239.50273342105905,
      "roi_percent": -15.966848894737268,
      "btc_price": 63552.24,
      "avg_cost": 75627.58169141167,
      "price_diff_percent": -15.96684889473725
    },
    "risk": {
      "max_value": 10056.10390112297,
      "min_value": 9705.2834820494,
      "max_drawdown_percent": -3.4886316064653276
    },
    "comparison": {
      "strategy_roi": -15.966848894737268,
      "buy_hold_roi": -18.175350159819615,
      "alpha": 2.2085012650823472
    },
    "weekly": {
      "value_start": 9812.101455324846,
      "value_end": 9760.49726657894,
      "change": -51.60418874590687,
      "change_percent": -0.5259239214032152,
      "btc_price_start": 66154.04,
      "btc_price_end": 63552.24,
      "btc_change_percent": -3.9329419639374974
    }
  },
  "evaluation": {
    "comments": [
      "🟢 Buy&Holdを2.2%上回り戦略が有効",
      "✅ 最大DD -3.5% は健全",
      "🟡 運用55日でROI -15.97% (まだ短期)"
    ],
    "warnings": [],
    "recommendations": [
      "💡 運用90日未満。実取引判断にはまだ早い"
    ]
  }
}